﻿{
"mc": {
	"Card": {
		"frameRate":60,
		"labels": [
		],
		"frames": [
			{"res":"Card100000","x":-26,"y":-26,"duration":1},
			{"res":"Card100001","x":-26,"y":-26,"duration":1},
			{"res":"Card100002","x":-26,"y":-26,"duration":1},
			{"res":"Card100003","x":-26,"y":-26,"duration":1},
			{"res":"Card100004","x":-26,"y":-26,"duration":1},
			{"res":"Card100005","x":-26,"y":-26,"duration":1},
			{"res":"Card100006","x":-26,"y":-26,"duration":1},
			{"res":"Card100007","x":-26,"y":-26,"duration":1},
			{"res":"Card100008","x":-26,"y":-26,"duration":1},
			{"res":"Card100009","x":-26,"y":-26,"duration":1},
			{"res":"Card100010","x":-26,"y":-26,"duration":1},
			{"res":"Card100011","x":-26,"y":-26,"duration":1},
			{"res":"Card100012","x":-26,"y":-26,"duration":1},
			{"res":"Card100013","x":-26,"y":-26,"duration":1},
			{"res":"Card100014","x":-26,"y":-26,"duration":1},
			{"res":"Card100015","x":-26,"y":-26,"duration":1},
			{"res":"Card100016","x":-26,"y":-26,"duration":1},
			{"res":"Card100017","x":-26,"y":-26,"duration":1},
			{"res":"Card100018","x":-26,"y":-26,"duration":1}
		]
	}
},
"res": {
	"Card100000":{"x":0,"y":0,"w":52,"h":52},
	"Card100001":{"x":52,"y":0,"w":52,"h":52},
	"Card100002":{"x":104,"y":0,"w":52,"h":52},
	"Card100003":{"x":156,"y":0,"w":52,"h":52},
	"Card100004":{"x":0,"y":52,"w":52,"h":52},
	"Card100005":{"x":52,"y":52,"w":52,"h":52},
	"Card100006":{"x":104,"y":52,"w":52,"h":52},
	"Card100007":{"x":156,"y":52,"w":52,"h":52},
	"Card100008":{"x":0,"y":104,"w":52,"h":52},
	"Card100009":{"x":52,"y":104,"w":52,"h":52},
	"Card100010":{"x":104,"y":104,"w":52,"h":52},
	"Card100011":{"x":156,"y":104,"w":52,"h":52},
	"Card100012":{"x":0,"y":156,"w":52,"h":52},
	"Card100013":{"x":52,"y":156,"w":52,"h":52},
	"Card100014":{"x":104,"y":156,"w":52,"h":52},
	"Card100015":{"x":156,"y":156,"w":52,"h":52},
	"Card100016":{"x":0,"y":208,"w":52,"h":52},
	"Card100017":{"x":52,"y":208,"w":52,"h":52},
	"Card100018":{"x":104,"y":208,"w":52,"h":52}
}
}