{
  "skins": {
    "eui.Button": "resource/eui_skins/ButtonSkin.exml",
    "eui.CheckBox": "resource/eui_skins/CheckBoxSkin.exml",
    "eui.HScrollBar": "resource/eui_skins/HScrollBarSkin.exml",
    "eui.HSlider": "resource/eui_skins/HSliderSkin.exml",
    "eui.Panel": "resource/eui_skins/PanelSkin.exml",
    "eui.TextInput": "resource/eui_skins/TextInputSkin.exml",
    "eui.ProgressBar": "resource/eui_skins/ProgressBarSkin.exml",
    "eui.RadioButton": "resource/eui_skins/RadioButtonSkin.exml",
    "eui.Scroller": "resource/eui_skins/ScrollerSkin.exml",
    "eui.ToggleSwitch": "resource/eui_skins/ToggleSwitchSkin.exml",
    "eui.VScrollBar": "resource/eui_skins/VScrollBarSkin.exml",
    "eui.VSlider": "resource/eui_skins/VSliderSkin.exml",
    "eui.ItemRenderer": "resource/eui_skins/ItemRendererSkin.exml"
  },
  "autoGenerateExmlsList": true,
  "exmls": [
    {
      "path": "resource/eui_skins/BackBtnSkin.exml",
      "content": "<?xml version=\"1.0\" encoding=\"utf-8\"?>\n<e:Skin class=\"BackBtnSkin\" width=\"169\" height=\"146\" xmlns:e=\"http://ns.egret.com/eui\">\n\t<e:Button id=\"btn_back\" label=\"返回\" bottom=\"0\" left=\"0\">\n\t\t<e:skinName>\n\t\t<e:Skin states=\"up,down,disabled\" xmlns:w=\"http://ns.egret.com/wing\" xmlns:ns1=\"*\">\n\t\t\t<e:Image width=\"100%\" height=\"100%\" source=\"back_png\" source.down=\"back_png\"/>\n\t\t\t<e:Label id=\"labelDisplay\" size=\"42\" fontFamily=\"KaiTi\" text=\"返回\" horizontalCenter=\"-16.5\" verticalCenter=\"12\"/>\n\t\t</e:Skin>\n\t\t</e:skinName>\n\t</e:Button>\n</e:Skin>"
    },
    {
      "path": "resource/eui_skins/BeginSence.exml",
      "content": "<?xml version=\"1.0\" encoding=\"utf-8\"?>\n<e:Skin class=\"BeginSence\" width=\"1920\" height=\"1080\" xmlns:e=\"http://ns.egret.com/eui\" xmlns:w=\"http://ns.egret.com/wing\" xmlns:tween=\"egret.tween.*\">\n\t<w:Declarations>\n\t\t<tween:TweenGroup id=\"tweenGroup\">\n\t\t\t<tween:TweenItem target=\"{image}\">\n\t\t\t\t<tween:Set/>\n\t\t\t\t<tween:To duration=\"2650\" ease=\"quadIn\">\n\t\t\t\t\t<tween:props>\n\t\t\t\t\t\t<e:Object alpha=\"{0.5}\" y=\"{260}\"/>\n\t\t\t\t\t</tween:props>\n\t\t\t\t</tween:To>\n\t\t\t\t<tween:To duration=\"3300\" ease=\"quadIn\">\n\t\t\t\t\t<tween:props>\n\t\t\t\t\t\t<e:Object alpha=\"{1}\" y=\"{253}\"/>\n\t\t\t\t\t</tween:props>\n\t\t\t\t</tween:To>\n\t\t\t</tween:TweenItem>\n\t\t\t<tween:TweenItem target=\"{image0}\">\n\t\t\t\t<tween:Set/>\n\t\t\t\t<tween:To duration=\"3150\" ease=\"quadIn\">\n\t\t\t\t\t<tween:props>\n\t\t\t\t\t\t<e:Object alpha=\"{0.5}\" x=\"{1140}\"/>\n\t\t\t\t\t</tween:props>\n\t\t\t\t</tween:To>\n\t\t\t\t<tween:To duration=\"3350\" ease=\"quadIn\">\n\t\t\t\t\t<tween:props>\n\t\t\t\t\t\t<e:Object alpha=\"{0}\" x=\"{1145}\"/>\n\t\t\t\t\t</tween:props>\n\t\t\t\t</tween:To>\n\t\t\t</tween:TweenItem>\n\t\t</tween:TweenGroup>\n\t</w:Declarations>\n\t<w:Config id=\"164dac22c1d\"/>\n\t<e:Image width=\"1920\" height=\"1080\" left=\"0\" top=\"0\" source=\"begin_png\" locked=\"true\"/>\n\t<e:Button id=\"btn_start\" label=\"\" anchorOffsetX=\"0\" anchorOffsetY=\"0\" verticalCenter=\"225.5\" enabled=\"true\" horizontalCenter=\"0.5\">\n\t\t<e:skinName>\n\t\t\t<e:Skin states=\"up,down,disabled\">\n\t\t\t<e:Image width=\"100%\" height=\"100%\" source=\"btn_png\" source.down=\"btn_png\"/>\n\t\t\t<e:Label id=\"labelDisplay\" horizontalCenter=\"0\" verticalCenter=\"0\"/>\n\t\t\t</e:Skin>\n\t\t</e:skinName>\n\t</e:Button>\n\t<e:Button id=\"btn_guize\" label=\"\" anchorOffsetX=\"0\" anchorOffsetY=\"0\" verticalCenter=\"328\" enabled=\"true\" horizontalCenter=\"0.5\">\n\t\t<e:skinName>\n\t\t\t<e:Skin states=\"up,down,disabled\">\n\t\t\t<e:Image width=\"100%\" height=\"100%\" source=\"guize_png\" source.down=\"guize_png\"/>\n\t\t\t<e:Label id=\"labelDisplay\" horizontalCenter=\"0\" verticalCenter=\"0\"/>\n\t\t\t</e:Skin>\n\t\t</e:skinName>\n\t</e:Button>\n\t<e:Image id=\"image\" source=\"yun1_png\" y=\"253\" x=\"771\"/>\n\t<e:Image id=\"image0\" x=\"1134\" y=\"278.5\" source=\"yun2_png\"/>\n</e:Skin>"
    },
    {
      "path": "resource/eui_skins/ButtonSkin.exml",
      "content": "<?xml version=\"1.0\" encoding=\"utf-8\" ?>\n<e:Skin class=\"skins.ButtonSkin\" states=\"up,down,disabled\" minHeight=\"50\" minWidth=\"100\" xmlns:e=\"http://ns.egret.com/eui\" xmlns:w=\"http://ns.egret.com/wing\">\n    <e:Image width=\"100%\" height=\"100%\" scale9Grid=\"1,3,8,8\" alpha.disabled=\"0.5\"\n             source=\"button_up_png\"\n             source.down=\"button_down_png\" includeIn=\"up\"/>\n    <e:Label id=\"labelDisplay\" top=\"8\" bottom=\"8\" left=\"8\" right=\"8\"\n             size=\"20\"\n             textColor=\"0xFFFFFF\" verticalAlign=\"middle\" textAlign=\"center\"/>\n    <e:Image id=\"iconDisplay\" horizontalCenter=\"0\" verticalCenter=\"0\"/>\n</e:Skin>\n"
    },
    {
      "path": "resource/eui_skins/CardViewSkin.exml",
      "content": "<?xml version=\"1.0\" encoding=\"utf-8\"?>\n<e:Skin class=\"CardViewSkin\" width=\"300\" height=\"100\" xmlns:e=\"http://ns.egret.com/eui\" xmlns:w=\"http://ns.egret.com/wing\">\n\t<e:Rect id=\"bg\" width=\"300\" height=\"100\" strokeColor=\"0x444444\" strokeWeight=\"0\" horizontalCenter=\"0\" verticalCenter=\"0\" enabled=\"true\" fillColor=\"0x683333\"/>\n\t<e:Label id=\"lb_text\" text=\"Label\" anchorOffsetX=\"0\" width=\"203\" horizontalCenter=\"-38.5\" verticalCenter=\"5\" size=\"26\" textColor=\"0xc5a56b\" height=\"40\" fontFamily=\"NSimSun\" bold=\"true\"/>\n\t<e:Image width=\"68\" height=\"46\" anchorOffsetX=\"0\" anchorOffsetY=\"0\" horizontalCenter=\"116\" verticalCenter=\"0\"/>\n</e:Skin>"
    },
    {
      "path": "resource/eui_skins/CheckBoxSkin.exml",
      "content": "<?xml version=\"1.0\" encoding=\"utf-8\"?>\n<e:Skin class=\"skins.CheckBoxSkin\" states=\"up,down,disabled,upAndSelected,downAndSelected,disabledAndSelected\" xmlns:e=\"http://ns.egret.com/eui\">\n    <e:Group width=\"100%\" height=\"100%\">\n        <e:layout>\n            <e:HorizontalLayout verticalAlign=\"middle\"/>\n        </e:layout>\n        <e:Image fillMode=\"scale\" alpha=\"1\" alpha.disabled=\"0.5\" alpha.down=\"0.7\"\n                 source=\"checkbox_unselect_png\"\n                 source.upAndSelected=\"checkbox_select_up_png\"\n                 source.downAndSelected=\"checkbox_select_down_png\"\n                 source.disabledAndSelected=\"checkbox_select_disabled_png\"/>\n        <e:Label id=\"labelDisplay\" size=\"20\" textColor=\"0x707070\"\n                 textAlign=\"center\" verticalAlign=\"middle\"\n                 fontFamily=\"Tahoma\"/>\n    </e:Group>\n</e:Skin>\n"
    },
    {
      "path": "resource/eui_skins/GameMapSkin.exml",
      "content": "<?xml version=\"1.0\" encoding=\"utf-8\"?>\n<e:Skin class=\"GameMapSkin\" xmlns:e=\"http://ns.egret.com/eui\" xmlns:w=\"http://ns.egret.com/wing\" xmlns:ns1=\"*\" xmlns:tween=\"egret.tween.*\" height=\"600\" width=\"1000\">\n\t<w:Declarations>\n\t\t<tween:TweenGroup id=\"tweenGroup\">\n\t\t\t<tween:TweenItem target=\"{lb_question}\">\n\t\t\t\t<tween:Set>\n\t\t\t\t\t<tween:props>\n\t\t\t\t\t\t<e:Object alpha=\"{0.5}\"/>\n\t\t\t\t\t</tween:props>\n\t\t\t\t</tween:Set>\n\t\t\t\t<tween:To duration=\"1400\" ease=\"sineIn\">\n\t\t\t\t\t<tween:props>\n\t\t\t\t\t\t<e:Object alpha=\"{1}\"/>\n\t\t\t\t\t</tween:props>\n\t\t\t\t</tween:To>\n\t\t\t</tween:TweenItem>\n\t\t</tween:TweenGroup>\n\t</w:Declarations>\n\t<w:Config id=\"167bef5db54\"/>\n\t<e:Label text=\"倒计时：\" x=\"837.94\" y=\"20\" textColor=\"0x70aeca\" size=\"20\" fontFamily=\"KaiTi\" bold=\"true\"/>\n\t<e:Label id=\"lb_time\" text=\"180\" y=\"20\" anchorOffsetX=\"0\" anchorOffsetY=\"0\" size=\"20\" fontFamily=\"KaiTi\" bold=\"true\" x=\"919.94\" textColor=\"0x70aeca\"/>\n\t<e:Group anchorOffsetX=\"0\" anchorOffsetY=\"0\" verticalCenter=\"-250\" horizontalCenter=\"0.5\">\n\t\t<e:Label id=\"lb_num\" text=\"第1题\" bold=\"true\" fontFamily=\"KaiTi\" horizontalCenter=\"0\" textColor=\"0xfec969\" x=\"78.61000000000001\" scaleX=\"1\" scaleY=\"1\" bottom=\"10\" size=\"40\"/>\n\t\t<e:Image scaleX=\"1\" scaleY=\"1\" source=\"title_png\" horizontalCenter=\"0\" bottom=\"0\"/>\n\t</e:Group>\n\t<e:Group id=\"gp_que\" width=\"800\" height=\"520\" horizontalCenter=\"0\" anchorOffsetX=\"0\" anchorOffsetY=\"0\" bottom=\"0\">\n\t\t<e:Label id=\"lb_question\" text=\"Label\" x=\"104\" y=\"54.82\" fontFamily=\"KaiTi\" anchorOffsetX=\"0\" width=\"600\" lineSpacing=\"10\" wordWrap=\"true\" multiline=\"true\" textColor=\"0xffffff\" size=\"36\"/>\n\t\t<e:Button id=\"btn_true\" label=\"是的\" x=\"104\" y=\"381\">\n\t\t\t<e:skinName>\n\t\t\t\t<e:Skin states=\"up,down,disabled\">\n\t\t\t\t<e:Image width=\"100%\" height=\"100%\" source=\"btn1_png\" source.down=\"btn1_png\"/>\n\t\t\t\t<e:Label id=\"labelDisplay\" horizontalCenter=\"0\" verticalCenter=\"0\" textColor=\"0x2e6d8a\" size=\"28\" fontFamily=\"KaiTi\"/>\n\t\t\t\t</e:Skin>\n\t\t\t</e:skinName>\n\t\t</e:Button>\n\t\t<e:Button id=\"btn_false\" label=\"不是\" x=\"527.39\" y=\"381\">\n\t\t\t<e:skinName>\n\t\t\t<e:Skin states=\"up,down,disabled\">\n\t\t\t\t<e:Image width=\"100%\" height=\"100%\" source=\"btn1_png\" source.down=\"btn1_png\"/>\n\t\t\t\t<e:Label id=\"labelDisplay\" horizontalCenter=\"0\" verticalCenter=\"0\" textColor=\"0x2e6d8a\" size=\"28\" fontFamily=\"KaiTi\"/>\n\t\t\t</e:Skin>\n\t\t\t</e:skinName>\n\t\t</e:Button>\n\t</e:Group>\n\t<e:Group id=\"gp_explain\" width=\"732\" height=\"393\" horizontalCenter=\"0\" bottom=\"50\" visible=\"false\">\n\t\t<e:Image source=\"result_png\" left=\"0\" right=\"0\" top=\"-24\" bottom=\"0\" anchorOffsetY=\"0\"/>\n\t\t<e:Button id=\"btn_next\" label=\"下一题\" y=\"282\" horizontalCenter=\"0\">\n\t\t\t<e:skinName>\n\t\t\t\t<e:Skin states=\"up,down,disabled\">\n\t\t\t\t<e:Image width=\"100%\" height=\"100%\" source=\"btn1_png\" source.down=\"btn1_png\"/>\n\t\t\t\t<e:Label id=\"labelDisplay\" horizontalCenter=\"0\" verticalCenter=\"0\" textColor=\"0x2e6d8a\" fontFamily=\"KaiTi\"/>\n\t\t\t\t</e:Skin>\n\t\t\t</e:skinName>\n\t\t</e:Button>\n\t\t<e:Label id=\"lb_title\" text=\"Label\" y=\"18\" fontFamily=\"KaiTi\" size=\"38\" horizontalCenter=\"0\"/>\n\t\t<e:Label id=\"lb_explain\" text=\"Label\" y=\"88\" horizontalCenter=\"0\" fontFamily=\"KaiTi\" anchorOffsetX=\"0\" width=\"450\"/>\n\t</e:Group>\n\t<e:Group id=\"gp_result\" width=\"789.39\" height=\"460.61\" y=\"58.12\" anchorOffsetX=\"0\" anchorOffsetY=\"-1.86\" horizontalCenter=\"0\" visible=\"false\">\n\t\t<e:Label id=\"lb_text0\" text=\"Label\" y=\"46.5\" horizontalCenter=\"0\" fontFamily=\"KaiTi\"/>\n\t\t<e:Label id=\"lb_text1\" text=\"Label\" y=\"125.33333333333334\" horizontalCenter=\"0\" fontFamily=\"KaiTi\"/>\n\t\t<e:Label id=\"lb_text2\" text=\"Label\" y=\"203.66666666666669\" horizontalCenter=\"0\" fontFamily=\"KaiTi\"/>\n\t\t<e:Label id=\"lb_text3\" text=\"Label\" y=\"281.52\" horizontalCenter=\"0\" fontFamily=\"KaiTi\"/>\n\t\t<e:Button id=\"btn_restart\" label=\"再次挑战\" y=\"369\" horizontalCenter=\"0\">\n\t\t\t<e:skinName>\n\t\t\t\t<e:Skin states=\"up,down,disabled\">\n\t\t\t\t<e:Image width=\"100%\" height=\"100%\" source=\"btn1_png\" source.down=\"btn1_png\"/>\n\t\t\t\t<e:Label id=\"labelDisplay\" horizontalCenter=\"0\" verticalCenter=\"0\" fontFamily=\"KaiTi\" textColor=\"0x2e6d8a\"/>\n\t\t\t\t</e:Skin>\n\t\t\t</e:skinName>\n\t\t</e:Button>\n\t</e:Group>\n</e:Skin>"
    },
    {
      "path": "resource/eui_skins/GameSence.exml",
      "content": "<?xml version=\"1.0\" encoding=\"utf-8\"?>\n<e:Skin class=\"GameSence\" width=\"1920\" height=\"1080\" xmlns:e=\"http://ns.egret.com/eui\" xmlns:ns1=\"*\" xmlns:w=\"http://ns.egret.com/wing\">\n\t<w:Config id=\"16361bf0ed3\"/>\n\t<e:Image width=\"1920\" height=\"1080\" left=\"0\" top=\"0\" source=\"game_png\"/>\n\t<ns1:GameMap id=\"gm\" height=\"574\" verticalCenter=\"51\" left=\"475\" right=\"475\" width=\"1000\" anchorOffsetX=\"0\" anchorOffsetY=\"0\"/>\n</e:Skin>"
    },
    {
      "path": "resource/eui_skins/HScrollBarSkin.exml",
      "content": "<?xml version=\"1.0\" encoding=\"utf-8\"?>\n<e:Skin class=\"skins.HScrollBarSkin\" minWidth=\"20\" minHeight=\"8\" xmlns:e=\"http://ns.egret.com/eui\" xmlns:w=\"http://ns.egret.com/wing\">\n<e:Image id=\"track\" source=\"track_sb_png\" scale9Grid=\"1,1,4,4\" width=\"100%\"\n             height=\"6\" verticalCenter=\"0\"/>\n    <e:Image id=\"thumb\" source=\"roundthumb_png\" scale9Grid=\"3,3,2,2\" height=\"8\" width=\"30\" verticalCenter=\"0\"/>\n</e:Skin>\n"
    },
    {
      "path": "resource/eui_skins/HSliderSkin.exml",
      "content": "<?xml version=\"1.0\" encoding=\"utf-8\"?>\n<e:Skin class=\"skins.HSliderSkin\" minWidth=\"20\" minHeight=\"8\" xmlns:e=\"http://ns.egret.com/eui\">\n    <e:Image id=\"track\" source=\"track_sb_png\" scale9Grid=\"1,1,4,4\" width=\"100%\"\n             height=\"6\" verticalCenter=\"0\"/>\n    <e:Image id=\"thumb\" source=\"thumb_png\" verticalCenter=\"0\"/>\n</e:Skin>\n"
    },
    {
      "path": "resource/eui_skins/HomeSence.exml",
      "content": "<?xml version=\"1.0\" encoding=\"utf-8\"?>\n<e:Skin class=\"HomeSence\" width=\"1920\" height=\"1080\" xmlns:e=\"http://ns.egret.com/eui\" xmlns:w=\"http://ns.egret.com/wing\" xmlns:ns1=\"*\">\n\t<w:Config id=\"164dac22c1d\"/>\n\t<e:Image width=\"1920\" height=\"1080\" left=\"0\" top=\"0\" source=\"bg1_png\"/>\n\t<e:Label text=\"    每轮二十道题，随机从题库抽题，每次答题结束后会统计本轮分析您的答题准确率，题目的答案分布在博物馆展厅各处。\" anchorOffsetX=\"0\" width=\"651.4\" anchorOffsetY=\"0\" height=\"169.89\" fontFamily=\"KaiTi\" size=\"30\" bold=\"true\" verticalAlign=\"top\" textAlign=\"left\" horizontalCenter=\"-0.5\" textColor=\"0xffffff\" y=\"431.06\" multiline=\"true\" wordWrap=\"true\" lineSpacing=\"10\"/>\n\t<e:Button id=\"btn_back\" label=\"我已了解\" x=\"893\" y=\"688\">\n\t\t<e:skinName>\n\t\t\t<e:Skin states=\"up,down,disabled\">\n\t\t\t<e:Image width=\"100%\" height=\"100%\" source=\"btn1_png\" source.down=\"btn1_png\"/>\n\t\t\t<e:Label id=\"labelDisplay\" horizontalCenter=\"0\" verticalCenter=\"0\" textColor=\"0x2e6d8a\" fontFamily=\"KaiTi\" size=\"30\" bold=\"true\"/>\n\t\t\t</e:Skin>\n\t\t</e:skinName>\n\t</e:Button>\n</e:Skin>"
    },
    {
      "path": "resource/eui_skins/ItemRendererSkin.exml",
      "content": "<?xml version=\"1.0\" encoding=\"utf-8\" ?>\n<e:Skin class=\"skins.ItemRendererSkin\" states=\"up,down,disabled\" minHeight=\"50\" minWidth=\"100\" xmlns:e=\"http://ns.egret.com/eui\">\n    <e:Image width=\"100%\" height=\"100%\" scale9Grid=\"1,3,8,8\" alpha.disabled=\"0.5\"\n             source=\"button_up_png\"\n             source.down=\"button_down_png\"/>\n    <e:Label id=\"labelDisplay\" top=\"8\" bottom=\"8\" left=\"8\" right=\"8\"\n             size=\"20\" fontFamily=\"Tahoma\"\n             textColor=\"0xFFFFFF\" text=\"{data}\" verticalAlign=\"middle\" textAlign=\"center\"/>\n</e:Skin>\n"
    },
    {
      "path": "resource/eui_skins/MenuButtonSkin.exml",
      "content": "<?xml version=\"1.0\" encoding=\"utf-8\" ?>\n<e:Skin class=\"skins.MenuButtonSkin\" states=\"up,down,disabled\" minHeight=\"50\" minWidth=\"100\" xmlns:e=\"http://ns.egret.com/eui\" xmlns:w=\"http://ns.egret.com/wing\">\n\t<e:Image width=\"100%\" height=\"100%\" scale9Grid=\"1,3,8,8\" x=\"0\" y=\"0\" includeIn=\"down,disabled\" source=\"t2_png\"/>\n    <e:Image width=\"100%\" height=\"100%\" scale9Grid=\"1,3,8,8\" alpha.disabled=\"0.5\"\n            \n             source.down=\"button_down_png\" source=\"t1_png\" includeIn=\"up\"/>\n    <e:Label id=\"labelDisplay\" top=\"8\" bottom=\"43\" left=\"8\" right=\"8\"\n             size=\"36\"\n             textColor=\"0xFFFFFF\" verticalAlign=\"middle\" textAlign=\"center\" bold=\"true\" anchorOffsetY=\"0\" fontFamily=\"FangSong\" text=\"字体\" includeIn=\"up\"/>\n\t<e:Label id=\"labelDisplay0\" top=\"8\" bottom=\"43\" left=\"8\" right=\"8\" size=\"36\" verticalAlign=\"middle\" textAlign=\"center\" bold=\"true\" anchorOffsetY=\"0\" fontFamily=\"FangSong\" text=\"由来\" includeIn=\"down,disabled\" textColor=\"0x512311\"/>\n    <e:Image id=\"iconDisplay\" horizontalCenter=\"0\" verticalCenter=\"0\"/>\n</e:Skin>\n"
    },
    {
      "path": "resource/eui_skins/MenuSkin.exml",
      "content": "<?xml version=\"1.0\" encoding=\"utf-8\"?>\n<e:Skin class=\"MenuSkin\" width=\"1600\" height=\"121\" xmlns:e=\"http://ns.egret.com/eui\" xmlns:w=\"http://ns.egret.com/wing\">\n\t<e:Button id=\"btn_home\" label=\"由来\" verticalCenter=\"0\" horizontalCenter=\"-523\">\n\t\t<e:skinName>\n\t\t\t<e:Skin states=\"up,down,disabled\">\n\t\t\t<e:Image width=\"100%\" height=\"100%\" source=\"t1_png\" source.down=\"t2_png\" source.disabled=\"t2_png\"/>\n\t\t\t<e:Label id=\"labelDisplay\" text=\"\" includeIn=\"up\" size=\"42\" fontFamily=\"KaiTi\" width=\"100\" height=\"50\" verticalCenter=\"-8.5\" verticalAlign=\"top\" bold=\"true\" textAlign=\"center\" horizontalCenter=\"0\"/>\n\t<e:Label id=\"labelDisplay0\" text=\"由来\" includeIn=\"down,disabled\" textColor=\"0x512311\" size=\"42\" fontFamily=\"KaiTi\" width=\"100\" height=\"50\" verticalCenter=\"-8.5\" verticalAlign=\"top\" bold=\"true\" textAlign=\"center\" horizontalCenter=\"0\"/>\n\t\t\t</e:Skin>\n\t\t</e:skinName>\n\t</e:Button>\n\t<e:Button id=\"btn_article\" label=\"馆藏\" x=\"721\" y=\"1\">\n\t\t<e:skinName>\n\t\t<e:Skin states=\"up,down,disabled\">\n\t\t\t<e:Image width=\"100%\" height=\"100%\" source=\"t1_png\" source.down=\"t2_png\" source.disabled=\"t2_png\"/>\n\t\t\t<e:Label id=\"labelDisplay\" text=\"\" includeIn=\"up\" size=\"42\" fontFamily=\"KaiTi\" width=\"100\" height=\"50\" verticalCenter=\"-8.5\" horizontalCenter=\"0\" verticalAlign=\"top\" bold=\"true\" textAlign=\"center\"/>\n\t\t\t<e:Label id=\"labelDisplay0\" text=\"馆藏\" includeIn=\"down,disabled\" textColor=\"0x512311\" size=\"42\" fontFamily=\"KaiTi\" width=\"100\" height=\"50\" horizontalCenter=\"0\" verticalCenter=\"-8.5\" verticalAlign=\"top\" bold=\"true\" textAlign=\"center\"/>\n\t\t</e:Skin>\n\t\t</e:skinName>\n\t</e:Button>\n\t<e:Button id=\"btn_game\" label=\"游戏\" x=\"1264\" y=\"1\">\n\t\t<e:skinName>\n\t\t<e:Skin states=\"up,down,disabled\">\n\t\t\t<e:Image width=\"100%\" height=\"100%\" source=\"t1_png\" source.down=\"t2_png\" source.disabled=\"t2_png\"/>\n\t\t\t<e:Label id=\"labelDisplay\" text=\"\" includeIn=\"up\" size=\"42\" fontFamily=\"KaiTi\" width=\"100\" height=\"50\" verticalCenter=\"-8.5\" horizontalCenter=\"0\" verticalAlign=\"top\" bold=\"true\" textAlign=\"center\"/>\n\t\t\t<e:Label id=\"labelDisplay0\" text=\"游戏\" includeIn=\"down,disabled\" textColor=\"0x512311\" size=\"42\" fontFamily=\"KaiTi\" width=\"100\" height=\"50\" horizontalCenter=\"0\" verticalCenter=\"-8.5\" verticalAlign=\"top\" bold=\"true\" textAlign=\"center\"/>\n\t\t</e:Skin>\n\t\t</e:skinName>\n\t</e:Button>\n</e:Skin>"
    },
    {
      "path": "resource/eui_skins/NewsViewSkin.exml",
      "content": "<?xml version=\"1.0\" encoding=\"utf-8\"?>\n<e:Skin class=\"NewViewSkin\" width=\"300\" height=\"300\" xmlns:e=\"http://ns.egret.com/eui\" xmlns:w=\"http://ns.egret.com/wing\">\n\t<e:Rect left=\"0\" right=\"0\" top=\"0\" bottom=\"0\" fillColor=\"0x6e321b\"/>\n\t<e:Image id=\"img\" anchorOffsetX=\"0\" anchorOffsetY=\"0\" horizontalCenter=\"0.5\" verticalCenter=\"-22\" source=\"01_png\" fillMode=\"scale\" width=\"300\" height=\"198\"/>\n\t<e:Label id=\"lbl_text\" text=\"Label\" verticalCenter=\"109\" textColor=\"0xbd985c\" fontFamily=\"Microsoft YaHei\" size=\"20\" horizontalCenter=\"0.5\"/>\n</e:Skin>"
    },
    {
      "path": "resource/eui_skins/PanelSkin.exml",
      "content": "<?xml version=\"1.0\" encoding=\"utf-8\"?>\n<e:Skin class=\"skins.PanelSkin\" minHeight=\"230\" minWidth=\"450\" xmlns:e=\"http://ns.egret.com/eui\">\n    <e:Image left=\"0\" right=\"0\" bottom=\"0\"  top=\"0\" source=\"border_png\" scale9Grid=\"2,2,12,12\" />\n    <e:Group id=\"moveArea\" left=\"0\" right=\"0\" top=\"0\" height=\"45\">\n        <e:Image left=\"0\" right=\"0\" bottom=\"0\"  top=\"0\" source=\"header_png\"/>\n        <e:Label id=\"titleDisplay\" size=\"20\" fontFamily=\"Tahoma\" textColor=\"0xFFFFFF\"\n                 wordWrap=\"false\" left=\"15\" right=\"5\" verticalCenter=\"0\"/>\n    </e:Group>\n    <e:Button id=\"closeButton\" label=\"close\" bottom=\"5\" horizontalCenter=\"0\"/>\n</e:Skin>\n"
    },
    {
      "path": "resource/eui_skins/ProgressBarSkin.exml",
      "content": "<?xml version=\"1.0\" encoding=\"utf-8\"?>\n<e:Skin class=\"skins.ProgressBarSkin\" minWidth=\"30\" minHeight=\"18\" xmlns:e=\"http://ns.egret.com/eui\">\n\t<e:Image source=\"track_pb_png\" scale9Grid=\"1,1,4,4\" width=\"100%\"\n\t\t\t height=\"100%\" verticalCenter=\"0\"/>\n\t<e:Image id=\"thumb\" height=\"100%\" width=\"100%\" source=\"thumb_pb_png\"/>\n\t<e:Label id=\"labelDisplay\" textAlign=\"center\" verticalAlign=\"middle\"\n\t\t\t size=\"15\" fontFamily=\"Tahoma\" textColor=\"0x707070\"\n\t\t\t horizontalCenter=\"0\" verticalCenter=\"0\"/>\n</e:Skin>\n"
    },
    {
      "path": "resource/eui_skins/RadioButtonSkin.exml",
      "content": "<?xml version=\"1.0\" encoding=\"utf-8\"?>\n<e:Skin class=\"skins.RadioButtonSkin\" states=\"up,down,disabled,upAndSelected,downAndSelected,disabledAndSelected\" xmlns:e=\"http://ns.egret.com/eui\">\n    <e:Group width=\"100%\" height=\"100%\">\n        <e:layout>\n            <e:HorizontalLayout verticalAlign=\"middle\"/>\n        </e:layout>\n        <e:Image fillMode=\"scale\" alpha=\"1\" alpha.disabled=\"0.5\" alpha.down=\"0.7\"\n                 source=\"radiobutton_unselect_png\"\n                 source.upAndSelected=\"radiobutton_select_up_png\"\n                 source.downAndSelected=\"radiobutton_select_down_png\"\n                 source.disabledAndSelected=\"radiobutton_select_disabled_png\"/>\n        <e:Label id=\"labelDisplay\" size=\"20\" textColor=\"0x707070\"\n                 textAlign=\"center\" verticalAlign=\"middle\"\n                 fontFamily=\"Tahoma\"/>\n    </e:Group>\n</e:Skin>\n"
    },
    {
      "path": "resource/eui_skins/ScrollerSkin.exml",
      "content": "<?xml version=\"1.0\" encoding=\"utf-8\"?>\n<e:Skin class=\"skins.ScrollerSkin\" minWidth=\"20\" minHeight=\"20\" xmlns:e=\"http://ns.egret.com/eui\">\n    <e:HScrollBar id=\"horizontalScrollBar\" width=\"100%\" bottom=\"0\"/>\n    <e:VScrollBar id=\"verticalScrollBar\" height=\"100%\" right=\"0\"/>\n</e:Skin>"
    },
    {
      "path": "resource/eui_skins/TextInputSkin.exml",
      "content": "<?xml version='1.0' encoding='utf-8'?>\n<e:Skin class=\"skins.TextInputSkin\" minHeight=\"40\" minWidth=\"300\" states=\"normal,disabled,normalWithPrompt,disabledWithPrompt\" xmlns:e=\"http://ns.egret.com/eui\">\n\t<e:Image width=\"100%\" height=\"100%\" scale9Grid=\"1,3,8,8\" source=\"button_up_png\"/>\n\t<e:Rect height=\"100%\" width=\"100%\" fillColor=\"0xffffff\"/>\n \t<e:EditableText id=\"textDisplay\" verticalCenter=\"0\" left=\"10\" right=\"10\"\n\t                textColor=\"0x000000\" textColor.disabled=\"0xff0000\" width=\"100%\" height=\"24\" size=\"20\" />\n\t<e:Label id=\"promptDisplay\" verticalCenter=\"0\" left=\"10\" right=\"10\"\n\t                textColor=\"0xa9a9a9\" width=\"100%\" height=\"24\" size=\"20\" touchEnabled=\"false\" includeIn=\"normalWithPrompt,disabledWithPrompt\"/>\n</e:Skin>"
    },
    {
      "path": "resource/eui_skins/ToggleSwitchSkin.exml",
      "content": "<?xml version=\"1.0\" encoding=\"utf-8\"?>\n<e:Skin class=\"skins.ToggleSwitchSkin\" states=\"up,down,disabled,upAndSelected,downAndSelected,disabledAndSelected\" xmlns:e=\"http://ns.egret.com/eui\">\n    <e:Image source=\"on_png\"\n             source.up=\"off_png\"\n             source.down=\"off_png\"\n             source.disabled=\"off_png\"/>\n    <e:Image source=\"handle_png\"\n             horizontalCenter=\"-18\"\n             horizontalCenter.upAndSelected=\"18\"\n             horizontalCenter.downAndSelected=\"18\"\n             horizontalCenter.disabledAndSelected=\"18\"\n             verticalCenter=\"0\"/>\n</e:Skin>\n"
    },
    {
      "path": "resource/eui_skins/VScrollBarSkin.exml",
      "content": "<?xml version=\"1.0\" encoding=\"utf-8\"?>\n<e:Skin class=\"skins.VScrollBarSkin\" minWidth=\"8\" minHeight=\"20\" xmlns:e=\"http://ns.egret.com/eui\">\n    <e:Image id=\"thumb\" source=\"roundthumb_png\" scale9Grid=\"3,3,2,2\" height=\"30\" width=\"8\" horizontalCenter=\"0\"/>\n</e:Skin>\n"
    },
    {
      "path": "resource/eui_skins/VSliderSkin.exml",
      "content": "<?xml version=\"1.0\" encoding=\"utf-8\"?>\n<e:Skin class=\"skins.VSliderSkin\" minWidth=\"25\" minHeight=\"30\" xmlns:e=\"http://ns.egret.com/eui\">\n    <e:Image id=\"track\" source=\"track_png\" scale9Grid=\"1,1,4,4\" width=\"7\" height=\"100%\" horizontalCenter=\"0\"/>\n    <e:Image id=\"thumb\" source=\"thumb_png\" horizontalCenter=\"0\" />\n</e:Skin>\n"
    }
  ]
}