[
	{
		"question": "1872—1875年,清政府先后派出四批学生赴美国留学，他们出洋时的平均年龄只有十二岁。因此，他们有一个共同的名字留美幼童。这四批学生人数是一百二十名吗？",
		"answer": 1,
		"explain": "1872—1875年,清政府先后派出四批学生赴美国留学，他们出洋时的平均年龄只有十二岁。因此，他们有一个共同的名字留美幼童。这四批学生人数是一百二十名。"
	},
	{
		"question": "袁世凯奉上谕署理直隶总督兼北洋大臣的时间是1902年11月7日吗？",
		"answer": 0,
		"explain": "袁世凯奉上谕署理直隶总督兼北洋大臣的时间是1901年11月7日。"
	},
	{
		"question": "留美幼童以通洋文、熟洋务而获得袁世凯、张之洞等晚清大员赏识重用，他们中政绩最为显著的是唐绍仪和梁敦彦吗？",
		"answer": 1,
		"explain": "留美幼童以通洋文、熟洋务而获得袁世凯、张之洞等晚清大员赏识重用，他们中政绩最为显著的是唐绍仪和梁敦彦。"
	},
	{
		"question": "光绪帝赏给唐绍仪的“钦差议约全权大臣”银牌，后来由唐绍仪夫人吴维翘于1993年6月26日捐赠，现在是藏于容闳博物馆吗？",
		"answer": 0,
		"explain": "现藏珠海市博物馆。"
	},
	{
		"question": "唐绍仪与英人签订之《中英续订藏印条约》，订明 “英国国家允不占并藏境及不干涉西藏一切政治”，西藏得以保全。这个条约是1907年签订的吗？",
		"answer": 0,
		"explain": "《中英续订藏印条约》是1906年签订的。"
	},
	{
		"question": "1905年5月，梁诚致函外务部称美国总统打算减收庚子赔款，并称其有意将此款项用于办学。此为抄档，现在是藏于容闳博物馆吗？",
		"answer": 0,
		"explain": "现在是藏于台湾近史所档案馆。"
	},
	{
		"question": "清廷成立的总理各国事务衙门是在1862年第二次鸦片战争后吗？",
		"answer": 1,
		"explain": "清廷成立的总理各国事务衙门是在1862年第二次鸦片战争后。"
	},
	{
		"question": "刘玉麟与唐国安出席在上海举行的万国禁烟会时间为1909年2月吗？并与英国签订10年禁烟条约。",
		"answer": 1,
		"explain": "刘玉麟与唐国安出席在上海举行的万国禁烟会时间为1909年2月，并与英国签订10年禁烟条约。"
	},
	{
		"question": "1905年，随着科举制度的废除，创办西式大中学堂成为时代的需求。第二次留学美国的热潮是在唐国安主导的庚款留美教育下开启的吗？",
		"answer": 1,
		"explain": "1905年，随着科举制度的废除，创办西式大中学堂成为时代的需求。第二次留学美国的热潮是在唐国安主导的庚款留美教育下开启的。"
	},
	{
		"question": "唐国安与李登辉、颜惠庆等是在1908年创办的寰球中国学生吗？",
		"answer": 0,
		"explain": "是在1906年创办的寰球中国学生。"
	},
	{
		"question": "清华大学首任校长是唐国安吗？",
		"answer": 1,
		"explain": "清华大学首任校长是唐国安。"
	},
	{
		"question": "“中国铁路之父”“中国近代工程之父”是詹天佑吗？",
		"answer": 1,
		"explain": "“中国铁路之父”“中国近代工程之父”是詹天佑。"
	},
	{
		"question": "开平矿务局是经李鸿章札委，容闳在马礼逊学校同学唐廷枢于开平成立的，该局成立时间是1879年吗？",
		"answer": 0,
		"explain": "开平矿务局成立时间是1878年。"
	},
	{
		"question": "1870年，李鸿章就任北洋大臣，掌管对外交涉事宜，实际上的外交重地是在天津吗？",
		"answer": 1,
		"explain": "1870年，李鸿章就任北洋大臣，掌管对外交涉事宜，实际上的外交重地是在天津。"
	},
	{
		"question": "中日甲午海战，幼童吴应科、徐振鹏等因表现英勇而受到朝廷嘉奖；陈金揆与黄祖莲则为国捐躯。此次战役发生时间是1894年吗？",
		"answer": 1,
		"explain": "中日甲午海战，幼童吴应科、徐振鹏等因表现英勇而受到朝廷嘉奖；陈金揆与黄祖莲则为国捐躯。此次战役发生时间是1894年。"
	},
	{
		"question": "天津电报学堂是创办于1880年吗？",
		"answer": 1,
		"explain": "天津电报学堂是创办于1880年。"
	},
	{
		"question": "张康仁是第一个在美国执业的华人律师吗？",
		"answer": 1,
		"explain": "张康仁是第一个在美国执业的华人律师。"
	},
	{
		"question": "周寿臣是在1928年成为香港第一个议政局非官守议员吗？且被授予爵士勋衔。",
		"answer": 0,
		"explain": "周寿臣是在1926年成为香港第一个议政局非官守议员。"
	},
	{
		"question": "《中国人不能走》猛烈评击美国排华不义，传颂一时。此作品是出自于李恩富吗？",
		"answer": 1,
		"explain": "《中国人不能走》猛烈评击美国排华不义，传颂一时。此作品是出自于李恩富。"
	},
	{
		"question": "幼童中唯一一个追随孙中山革命的人是容耀垣吗？",
		"answer": 1,
		"explain": "容耀垣是幼童中唯一一个追随孙中山革命的人。"
	}
	,
	{
		"question": "被誉为“中国留学生之父”的人是容闳吗？",
		"answer": 1,
		"explain": "容闳被誉为“中国留学生之父。”"
	}
	,
	{
		"question": "容闳是在1851年考入耶鲁大学的吗？",
		"answer": 0,
		"explain": "是1850年。"
	}
	,
	{
		"question": "1863年，容闳被带至两江总督曾国藩在安庆的行辕委其重任，由他从美国采购设备而组建的江南制造总局，这是中国的第一家洋务企业吗？",
		"answer": 1,
		"explain": "江南制造总局是中国的第一家洋务企业。"
	}
	,
	{
		"question": "1859年，容闳应邀与两名传教士及曾兰生等人赴天京考察。他向干王洪仁玕献计七条，洪仁玕封容闳“义”爵，容闳的建议被采纳了吗？",
		"answer": 0,
		"explain": "并不采纳容闳建议，致使容闳失望而回。"
	}
	,
	{
		"question": "“制器之器”主张是容闳提出来的吗？",
		"answer": 1,
		"explain": "“制器之器”主张是容闳提出来的。"
	},
	{
		"question": "容闳翻译之《格林炮说略》共26条，是载于1874年之《教会新报》吗？",
		"answer": 1,
		"explain": "容闳翻译之《格林炮说略》共26条，是载于1874年之《教会新报》。"
	},
	{
		"question": "1874年初，李鸿章函告总署拟派容闳往秘鲁密查华工情况。此为抄档，现藏于容闳博物馆吗？",
		"answer": 0,
		"explain": "现藏于台湾中研院近史所档案馆。"
	},
	{
		"question": "1878年，容闳是向耶鲁捐赠1280册图书吗？这些书与其他人捐赠的书，成为耶鲁东亚研究的基础。",
		"answer": 1,
		"explain": "1878年，容闳是向耶鲁捐赠1280册图书吗？这些书与其他人捐赠的书，成为耶鲁东亚研究的基础。"
	},
	{
		"question": "容闳是在1912年4月21日美国康州的哈特福德寓所去世的吗？",
		"answer": 1,
		"explain": "容闳于1912年4月21日在美国康州的哈特福德寓所去世。"
	},
	{
		"question": "维新派报刊《时报务》刊载容闳请开办银行章程是在1898年11月5日吗？",
		"answer": 0,
		"explain": "是1897年11月5日。"
	},
	{
		"question": "1895年5月，容闳应张之洞召回国，先后提出维新政府的多项计划都以失败而告终了吗？",
		"answer": 1,
		"explain": "容闳应张之洞召回国，先后提出维新政府的多项计划都以失败而告终了。"
	},
	{
		"question": "戊戍政变后，光绪帝遭软禁，“六君子”被斩首菜市口，维新人士纷纷逃往上海租界避难，容闳是在清廷通缉范围之内吗？",
		"answer": 1,
		"explain": "戊戍政变后，光绪帝遭软禁，“六君子”被斩首菜市口，维新人士纷纷逃往上海租界避难，容闳是在清廷通缉范围之内。"
	},
	{
		"question": "容闳应邀参加唐才常在愚园召集的中国国会，当选中国国会会长是1902年吗？",
		"answer": 0,
		"explain": "当选中国国会会长是1900年。"
	},
	{
		"question": "1900年10月10日，刊登容闳起草的对外宣言全文的事《申报》。",
		"answer": 0,
		"explain": "是《北华捷报》。"
	},
	{
		"question": "1903年，康有为、梁启超是在加拿大成立的保救大清皇帝会吗？",
		"answer": 1,
		"explain": "1903年，康有为、梁启超是在加拿大成立的保救大清皇帝会。"
	},
	{
		"question": "幼童中唯一一个追随孙中山革命的人是容耀垣吗？",
		"answer": 1,
		"explain": "容耀垣是幼童中唯一一个追随孙中山革命的人。"
	},
	{
		"question": "容闳向孙逸仙提出的“红龙中国计划”是在1908年吗？也彻底走上革命道路。",
		"answer": 0,
		"explain": "是1909年。"
	},
	{
		"question": "容闳自传《西学东渐记》的出版是在1909年吗？并引起了社会的广泛关注。",
		"answer": 1,
		"explain": "容闳自传《西学东渐记》的出版是在1909年，并引起了社会的广泛关注。"
	},
	{
		"question": "康州州长签署法令，将1998年9月22日定为“容闳与留美教育纪念日”了吗？",
		"answer": 1,
		"explain": "康州州长签署法令，将1998年9月22日定为“容闳与留美教育纪念日”。"
	},
	{
		"question": "容闳在上海创办的第一份由国人创办的华文报纸《汇报》时间是1875年吗？",
		"answer": 0,
		"explain": "是1874年。"
	},
	{
		"question": "在容闳一生的事业中，最引人注目的是推动晚清幼童留美吗？",
		"answer": 1,
		"explain": "在容闳一生的事业中，最引人注目的是推动晚清幼童留美。"
	}
]